Image,BoundingBoxes,Labels,Scores
0.jpg,"[[89.71830749511719, 48.60213851928711, 105.59210968017578, 67.39054107666016], [54.07676315307617, 48.91800308227539, 68.6995849609375, 66.13790130615234], [194.91270446777344, 63.396728515625, 199.85743713378906, 71.93052673339844]]","[1, 1, 3]","[0.9965678453445435, 0.9954073429107666, 0.49313870072364807]"
1.jpg,"[[234.98565673828125, 58.50069046020508, 256.0, 84.50193786621094], [28.269071578979492, 46.70309829711914, 52.02426528930664, 70.48945617675781], [133.33135986328125, 51.398651123046875, 157.78549194335938, 73.40652465820312], [197.6116943359375, 25.788808822631836, 219.5333709716797, 53.77249526977539]]","[3, 1, 1, 3]","[0.9988627433776855, 0.9933037161827087, 0.9855709075927734, 0.9831742644309998]"
10.jpg,"[[58.53144836425781, 5.198131084442139, 78.92987823486328, 36.54743194580078], [2.2153613567352295, 30.89192771911621, 16.706178665161133, 50.40182876586914], [18.9735050201416, 37.31525802612305, 34.8829345703125, 63.5052375793457], [98.0728530883789, 56.004451751708984, 124.20466613769531, 97.00812530517578], [100.32762145996094, 39.90119934082031, 124.4298324584961, 65.8436050415039]]","[3, 3, 1, 1, 3]","[0.9976466298103333, 0.996756374835968, 0.9947517514228821, 0.9942345023155212, 0.16498354077339172]"
100.jpg,"[[81.44084167480469, 50.391353607177734, 100.42110443115234, 77.0823745727539], [188.7220916748047, 39.72948455810547, 217.67379760742188, 74.40363311767578], [22.866174697875977, 80.07841491699219, 42.41325759887695, 101.84457397460938]]","[1, 1, 1]","[0.9975402355194092, 0.9972213506698608, 0.996203601360321]"
101.jpg,"[[83.3543930053711, 79.0738296508789, 136.11705017089844, 135.21450805664062], [127.6209487915039, 102.23748016357422, 168.612548828125, 152.14271545410156]]","[1, 1]","[0.9942913055419922, 0.9669681191444397]"
102.jpg,"[[189.93246459960938, 68.35438537597656, 239.06707763671875, 126.37788391113281], [81.8980712890625, 42.5318717956543, 127.7439956665039, 99.58428192138672]]","[1, 1]","[0.9968296885490417, 0.99518221616745]"
103.jpg,"[[127.71418762207031, 35.67457962036133, 152.0316925048828, 68.72769927978516], [65.85919189453125, 51.63636779785156, 94.62337493896484, 82.28097534179688], [164.0567626953125, 27.451099395751953, 189.228515625, 57.20974349975586], [164.10902404785156, 27.11914825439453, 189.4345245361328, 57.46467590332031]]","[1, 1, 1, 3]","[0.9941377639770508, 0.9894366264343262, 0.6422064900398254, 0.08044196665287018]"
104.jpg,"[[202.32122802734375, 48.76783752441406, 225.44569396972656, 82.6996078491211], [113.00760650634766, 75.75363159179688, 129.329833984375, 99.61959838867188], [55.6088752746582, 54.23284149169922, 79.41609191894531, 83.38481140136719], [3.0113234519958496, 117.48112487792969, 19.895122528076172, 139.5784149169922], [2.6161692142486572, 117.1845932006836, 19.92267417907715, 140.53134155273438]]","[1, 1, 1, 1, 3]","[0.9985639452934265, 0.997803270816803, 0.9977571368217468, 0.968148946762085, 0.07225275784730911]"
105.jpg,"[[75.15377807617188, 24.891878128051758, 99.75523376464844, 50.83564758300781], [177.92816162109375, 25.43439292907715, 202.05270385742188, 52.54741668701172]]","[1, 1]","[0.997314989566803, 0.9968302845954895]"
106.jpg,"[[73.67235565185547, 42.606239318847656, 135.3935546875, 118.35089874267578], [18.982402801513672, 81.15149688720703, 69.26520538330078, 145.0814666748047], [176.1077880859375, 58.54689025878906, 255.2216033935547, 157.09457397460938]]","[1, 1, 1]","[0.9967621564865112, 0.996198832988739, 0.9942113757133484]"
107.jpg,"[[189.32301330566406, 25.543180465698242, 210.61024475097656, 52.1303596496582], [120.76527404785156, 20.7741756439209, 140.33615112304688, 44.05644226074219], [89.06400299072266, 46.16883850097656, 109.7418441772461, 69.64228057861328], [142.83697509765625, 40.41068649291992, 164.94863891601562, 63.75261688232422]]","[1, 1, 1, 1]","[0.9967594742774963, 0.9966069459915161, 0.9963510036468506, 0.9955933690071106]"
108.jpg,"[[43.712677001953125, 69.27644348144531, 60.458560943603516, 87.46534729003906], [24.971309661865234, 70.03278350830078, 44.58658218383789, 94.6363296508789], [104.37287139892578, 56.778682708740234, 134.4988250732422, 92.30091857910156], [178.1717987060547, 51.796142578125, 194.6982421875, 68.28649139404297], [29.51336669921875, 70.6836929321289, 51.98739242553711, 91.88929748535156]]","[1, 1, 1, 1, 1]","[0.9962807297706604, 0.9959272742271423, 0.994987964630127, 0.9847888946533203, 0.0568116120994091]"
109.jpg,"[[183.59014892578125, 45.64188003540039, 204.4957733154297, 71.12552642822266], [43.063785552978516, 43.95143127441406, 61.078189849853516, 65.92411804199219], [86.97189331054688, 39.176612854003906, 106.98849487304688, 61.538543701171875], [137.8682861328125, 48.78684997558594, 158.1157989501953, 69.19068145751953]]","[1, 1, 1, 1]","[0.9986306428909302, 0.9982549548149109, 0.9972352385520935, 0.9958546161651611]"
11.jpg,"[[8.316645622253418, 64.01824188232422, 32.52731704711914, 88.098388671875], [121.2737045288086, 71.65631866455078, 173.05931091308594, 114.84422302246094], [30.012279510498047, 52.50686264038086, 50.819149017333984, 73.84364318847656], [86.04828643798828, 35.22574234008789, 124.42768096923828, 67.27493286132812], [86.08382415771484, 34.30525207519531, 123.7132568359375, 66.79302215576172]]","[1, 1, 3, 3, 1]","[0.9988685846328735, 0.9906681180000305, 0.9754300713539124, 0.962247908115387, 0.15319931507110596]"
12.jpg,"[[158.40562438964844, 18.261075973510742, 190.5321807861328, 42.47023391723633], [106.05400085449219, 22.60776710510254, 137.72874450683594, 45.66387176513672], [203.62356567382812, 31.168954849243164, 240.52455139160156, 56.63667678833008], [202.4304656982422, 31.61507797241211, 241.35386657714844, 56.575008392333984]]","[1, 1, 3, 1]","[0.9958400726318359, 0.9954133629798889, 0.9243982434272766, 0.3393944203853607]"
13.jpg,"[[85.86827087402344, 160.40232849121094, 114.1514892578125, 184.4026336669922], [26.723217010498047, 49.54806900024414, 55.902278900146484, 75.26438903808594], [162.83984375, 21.356441497802734, 186.675537109375, 50.02077102661133], [238.61276245117188, 39.89896774291992, 248.48890686035156, 51.98431396484375], [55.05717468261719, 4.794627666473389, 65.8246841430664, 17.69443702697754]]","[3, 3, 1, 3, 1]","[0.9976223111152649, 0.9974282383918762, 0.9944406151771545, 0.9128623604774475, 0.24611316621303558]"
14.jpg,"[[162.582763671875, 42.20719528198242, 192.15582275390625, 63.24790954589844], [83.30935668945312, 33.15439987182617, 104.12118530273438, 58.16037368774414], [235.9315643310547, 36.717506408691406, 255.6660919189453, 52.63517379760742]]","[1, 3, 3]","[0.994807779788971, 0.9940270185470581, 0.9935463070869446]"
15.jpg,"[[1.4697997570037842, 85.15165710449219, 29.42630958557129, 167.48565673828125], [224.5742950439453, 114.46957397460938, 248.58909606933594, 135.9051971435547], [77.99681091308594, 59.187469482421875, 131.23660278320312, 113.04985046386719], [25.392494201660156, 89.87264251708984, 37.52388000488281, 101.18340301513672], [78.95934295654297, 61.62864303588867, 131.09823608398438, 113.39202117919922], [25.18440818786621, 90.40040588378906, 37.86838912963867, 101.16734313964844], [3.650810480117798, 120.1340560913086, 27.028907775878906, 160.35792541503906], [224.2594451904297, 114.46143341064453, 248.6756134033203, 135.77027893066406]]","[3, 3, 2, 3, 1, 1, 3, 1]","[0.9941486120223999, 0.9710175395011902, 0.9416173100471497, 0.872533917427063, 0.32043978571891785, 0.11189819127321243, 0.10348644107580185, 0.06932272017002106]"
16.jpg,"[[213.34225463867188, 36.193660736083984, 231.00135803222656, 52.91526412963867], [108.35873413085938, 22.520301818847656, 139.86602783203125, 52.08563995361328], [167.1849822998047, 126.43656158447266, 190.81309509277344, 152.90164184570312], [109.37953186035156, 23.803346633911133, 140.38414001464844, 51.10939407348633]]","[3, 1, 3, 2]","[0.9968660473823547, 0.9803770780563354, 0.9732621908187866, 0.11439292877912521]"
17.jpg,"[[106.00216674804688, 33.47434616088867, 131.86614990234375, 58.69305419921875], [23.705951690673828, 129.5062713623047, 42.88606262207031, 145.71859741210938], [219.4828338623047, 83.9317626953125, 232.3333740234375, 95.31989288330078], [197.5247039794922, 81.30233764648438, 208.7357940673828, 91.36052703857422]]","[1, 3, 3, 3]","[0.9977040886878967, 0.9963575005531311, 0.9917819499969482, 0.9631175994873047]"
18.jpg,"[[11.577786445617676, 55.38039016723633, 36.82058334350586, 76.91832733154297], [226.7788848876953, 53.79215621948242, 255.59329223632812, 78.8831558227539], [198.16622924804688, 57.193119049072266, 223.56423950195312, 78.78360748291016], [126.43587493896484, 53.27821731567383, 153.5846405029297, 78.18404388427734]]","[3, 3, 3, 1]","[0.9973145127296448, 0.9947927594184875, 0.9925087094306946, 0.9901671409606934]"
19.jpg,"[[154.55624389648438, 61.1599235534668, 183.9737091064453, 87.05159759521484], [92.86619567871094, 29.05681800842285, 147.474609375, 75.3079605102539], [194.5286865234375, 65.94330596923828, 220.19802856445312, 88.86258697509766]]","[3, 1, 3]","[0.9971856474876404, 0.9971569776535034, 0.9936909675598145]"
2.jpg,"[[11.977055549621582, 101.58815002441406, 101.76689147949219, 182.4960479736328], [189.96102905273438, 71.54855346679688, 242.44935607910156, 126.12208557128906]]","[1, 1]","[0.9967523813247681, 0.995055079460144]"
20.jpg,"[[66.96981811523438, 51.25783157348633, 97.60618591308594, 96.3311538696289], [148.02647399902344, 46.02701950073242, 174.83714294433594, 98.89132690429688]]","[3, 1]","[0.9987950325012207, 0.9964175224304199]"
21.jpg,"[[9.023669242858887, 105.19884490966797, 32.56429672241211, 141.67933654785156], [104.97040557861328, 82.90242004394531, 142.1198272705078, 135.06678771972656], [222.84271240234375, 122.36952209472656, 254.97235107421875, 166.43994140625]]","[3, 1, 3]","[0.9984550476074219, 0.9966903924942017, 0.9945651292800903]"
22.jpg,"[[68.19160461425781, 47.09428024291992, 100.37123107910156, 97.71343231201172], [2.760810375213623, 62.8846549987793, 33.684574127197266, 103.9347152709961], [134.42723083496094, 72.00333404541016, 187.0834503173828, 154.74386596679688], [131.6851348876953, 75.53273010253906, 187.4254608154297, 125.96347045898438]]","[3, 3, 1, 3]","[0.993602454662323, 0.9912958145141602, 0.9840647578239441, 0.09141524136066437]"
23.jpg,"[[41.02825164794922, 103.49970245361328, 68.3700942993164, 151.79376220703125], [122.5888900756836, 33.399410247802734, 150.3688201904297, 78.32752990722656]]","[3, 1]","[0.9990911483764648, 0.9960488677024841]"
24.jpg,"[[65.39789581298828, 44.53786849975586, 103.83876037597656, 110.14704132080078], [149.38552856445312, 106.20885467529297, 180.7650909423828, 158.88314819335938]]","[1, 3]","[0.9954532384872437, 0.9920980930328369]"
25.jpg,"[[55.37028121948242, 148.2001495361328, 81.7134780883789, 178.81838989257812], [225.85948181152344, 159.37075805664062, 256.0, 201.15907287597656], [93.43134307861328, 93.9676513671875, 170.33694458007812, 187.4130859375], [205.09193420410156, 146.16294860839844, 220.5304412841797, 165.1320343017578], [90.25868225097656, 92.80998992919922, 171.1766815185547, 189.51234436035156], [93.58078002929688, 92.27322387695312, 169.1011505126953, 185.3519744873047]]","[3, 3, 2, 1, 3, 1]","[0.9979135394096375, 0.9974231719970703, 0.9784099459648132, 0.5869215726852417, 0.33347421884536743, 0.18527330458164215]"
26.jpg,"[[67.27423095703125, 63.15238571166992, 185.0699005126953, 155.94769287109375], [65.22551727294922, 58.73216247558594, 179.781494140625, 184.91018676757812]]","[2, 1]","[0.9986060261726379, 0.08721721917390823]"
27.jpg,"[[125.02735900878906, 46.143489837646484, 162.03868103027344, 98.31620788574219]]",[1],[0.9982020854949951]
28.jpg,"[[115.38328552246094, 58.962650299072266, 171.48410034179688, 126.2771224975586], [114.97075653076172, 56.15210723876953, 173.1035919189453, 123.07999420166016], [116.29296875, 56.68149185180664, 171.38465881347656, 124.37676239013672]]","[2, 3, 1]","[0.9944994449615479, 0.09291785210371017, 0.05583244934678078]"
29.jpg,"[[93.8792724609375, 49.61349868774414, 158.3166046142578, 97.83546447753906], [92.63658142089844, 46.46162033081055, 158.6709747314453, 99.4764633178711]]","[2, 1]","[0.9717420339584351, 0.19391094148159027]"
3.jpg,"[[163.38253784179688, 53.92569351196289, 183.9686737060547, 89.56832885742188], [59.9901008605957, 42.140995025634766, 77.61788177490234, 72.97542572021484], [108.41373443603516, 44.667724609375, 127.64762115478516, 75.5899887084961], [24.27165412902832, 67.23760223388672, 41.54216384887695, 91.0667724609375]]","[3, 3, 1, 3]","[0.9975864887237549, 0.9943642616271973, 0.9901116490364075, 0.8875437378883362]"
30.jpg,"[[84.30126953125, 45.707176208496094, 159.79888916015625, 101.10172271728516], [86.36550903320312, 45.90837860107422, 159.5486297607422, 100.05906677246094], [88.24520111083984, 44.621707916259766, 159.96177673339844, 101.79109191894531]]","[2, 3, 1]","[0.9822719097137451, 0.4371028244495392, 0.0965820848941803]"
31.jpg,"[[32.74538803100586, 48.34421920776367, 107.49358367919922, 131.46336364746094]]",[2],[0.9985072016716003]
32.jpg,"[[98.42216491699219, 45.45675277709961, 147.30609130859375, 87.78130340576172], [64.28328704833984, 35.81119155883789, 95.86858367919922, 66.52296447753906]]","[1, 1]","[0.9959455132484436, 0.05089367553591728]"
33.jpg,"[[57.630916595458984, 38.477012634277344, 147.27528381347656, 114.93394470214844], [57.32313537597656, 36.75016403198242, 147.66685485839844, 111.89871978759766], [60.10322952270508, 36.09722137451172, 146.51596069335938, 114.86479949951172]]","[2, 3, 1]","[0.9949382543563843, 0.1497904360294342, 0.06174256652593613]"
34.jpg,"[[117.44125366210938, 96.94119262695312, 194.3511505126953, 188.13563537597656], [2.419970750808716, 32.13542556762695, 90.05891418457031, 177.60861206054688], [195.01901245117188, 172.21690368652344, 256.0, 245.97023010253906], [2.8337011337280273, 26.52001953125, 94.56119537353516, 126.59420776367188], [1.2390844821929932, 73.38599395751953, 79.95521545410156, 173.49171447753906], [191.4053497314453, 174.92481994628906, 256.0, 243.48025512695312], [192.32669067382812, 169.33425903320312, 256.0, 251.4138641357422], [3.545610189437866, 87.9944839477539, 72.43783569335938, 170.86788940429688]]","[3, 2, 3, 3, 1, 2, 1, 2]","[0.9960414171218872, 0.9903978109359741, 0.9644003510475159, 0.9068672060966492, 0.556975245475769, 0.10545074194669724, 0.09721195697784424, 0.06154908239841461]"
35.jpg,"[[117.92351531982422, 64.0362777709961, 140.23257446289062, 94.31243133544922], [142.9164276123047, 55.72698211669922, 182.61387634277344, 105.4544677734375], [49.35190200805664, 56.70885467529297, 86.64393615722656, 103.70204162597656], [47.645301818847656, 55.44107437133789, 87.50516510009766, 104.03128051757812], [49.95521545410156, 54.937625885009766, 86.6615219116211, 103.20916748046875]]","[3, 3, 2, 3, 1]","[0.998077392578125, 0.9979878664016724, 0.9509482383728027, 0.15570330619812012, 0.11069200932979584]"
36.jpg,"[[157.99989318847656, 106.92276000976562, 192.99476623535156, 155.8863525390625], [131.3766326904297, 137.7476348876953, 154.56019592285156, 164.9381561279297], [59.68540954589844, 74.53047943115234, 95.10354614257812, 114.6008071899414], [59.897586822509766, 73.7364730834961, 94.7450180053711, 113.22266387939453]]","[3, 3, 1, 2]","[0.9991180300712585, 0.9987461566925049, 0.9801325798034668, 0.06284882128238678]"
37.jpg,"[[160.79055786132812, 57.17306900024414, 202.4697265625, 111.93390655517578], [40.985477447509766, 55.68281936645508, 81.70874786376953, 100.07424926757812], [42.17559814453125, 57.27091979980469, 81.44953155517578, 100.5750732421875], [41.18642807006836, 56.791717529296875, 82.64280700683594, 99.93082427978516], [139.6224822998047, 89.96742248535156, 234.299072265625, 210.53627014160156]]","[3, 3, 1, 2, 1]","[0.9961265921592712, 0.8593071699142456, 0.20963138341903687, 0.19133740663528442, 0.1029808521270752]"
38.jpg,"[[155.25230407714844, 47.70492172241211, 193.01397705078125, 79.34877014160156], [41.78782653808594, 37.78761672973633, 79.44641876220703, 70.95838928222656], [129.53884887695312, 40.81728744506836, 221.9060516357422, 164.1317901611328], [43.246795654296875, 40.99406051635742, 79.13798522949219, 69.56945037841797], [129.48468017578125, 43.645668029785156, 221.69549560546875, 161.28286743164062]]","[3, 1, 1, 2, 3]","[0.9971047043800354, 0.9851678609848022, 0.4809386134147644, 0.17546957731246948, 0.10820019990205765]"
39.jpg,"[[47.02116012573242, 33.03558349609375, 78.2216796875, 78.19429779052734], [186.1704864501953, 90.62036895751953, 213.6830291748047, 125.7904281616211]]","[3, 3]","[0.9982509016990662, 0.989782452583313]"
4.jpg,"[[13.968502044677734, 84.2161865234375, 43.6368408203125, 130.763916015625], [90.16616821289062, 89.31578063964844, 119.33451080322266, 136.24124145507812], [170.77503967285156, 60.43630599975586, 203.77261352539062, 113.29722595214844], [224.20663452148438, 86.38330841064453, 256.0, 143.71507263183594], [169.74913024902344, 61.08076858520508, 205.24249267578125, 106.30754852294922]]","[1, 1, 1, 1, 3]","[0.9961925745010376, 0.9938858151435852, 0.9875457882881165, 0.9832274913787842, 0.06234784424304962]"
40.jpg,"[[141.84475708007812, 28.946584701538086, 173.72181701660156, 74.09319305419922], [70.53424835205078, 47.52312088012695, 101.02730560302734, 87.24777221679688], [69.25697326660156, 48.34599685668945, 101.25249481201172, 86.59832763671875], [72.36995697021484, 49.20383071899414, 101.01663970947266, 86.15873718261719], [47.60076904296875, 100.58364868164062, 57.92809295654297, 115.21267700195312]]","[3, 1, 3, 2, 1]","[0.9942242503166199, 0.643723726272583, 0.5940518379211426, 0.5393900871276855, 0.14981752634048462]"
41.jpg,"[[202.3872833251953, 77.91732025146484, 233.51138305664062, 121.08909606933594], [73.9289779663086, 38.58393096923828, 100.37870788574219, 73.94815826416016]]","[3, 1]","[0.9948740601539612, 0.9888196587562561]"
42.jpg,"[[80.58355712890625, 167.02532958984375, 116.49097442626953, 205.2784881591797], [180.5774383544922, 48.98129653930664, 222.80384826660156, 118.2456283569336], [189.90213012695312, 49.13605880737305, 220.96295166015625, 102.69979858398438], [114.40531158447266, 166.25323486328125, 125.22786712646484, 186.17581176757812], [81.88230895996094, 168.87171936035156, 117.13731384277344, 205.63526916503906], [195.6140899658203, 60.47975540161133, 219.3916015625, 116.3825454711914]]","[3, 3, 1, 3, 2, 3]","[0.9960393905639648, 0.9723172783851624, 0.14432241022586823, 0.10318657755851746, 0.060071248561143875, 0.05400180071592331]"
43.jpg,"[[47.32809066772461, 82.80149841308594, 75.25752258300781, 122.91167449951172], [231.934814453125, 53.364994049072266, 256.0, 100.62085723876953], [89.35433197021484, 44.29006576538086, 127.48421478271484, 118.19181060791016]]","[3, 3, 3]","[0.998993456363678, 0.9985883831977844, 0.8058926463127136]"
44.jpg,"[[62.735443115234375, 86.56340026855469, 94.59759521484375, 131.12904357910156], [159.47952270507812, 46.585506439208984, 187.44845581054688, 88.4704360961914], [157.1258087158203, 48.19051742553711, 187.0137481689453, 86.37762451171875]]","[3, 1, 2]","[0.9974150657653809, 0.9379390478134155, 0.13315434753894806]"
45.jpg,[],[],[]
46.jpg,"[[113.8065185546875, 50.09199142456055, 149.2760772705078, 114.50148010253906], [114.4017562866211, 49.15829086303711, 149.96075439453125, 115.8262939453125], [112.18706512451172, 48.798744201660156, 150.30384826660156, 117.05992126464844]]","[2, 1, 3]","[0.9402349591255188, 0.6282073855400085, 0.11774562299251556]"
47.jpg,"[[89.60072326660156, 64.19964599609375, 145.97665405273438, 126.56214904785156], [88.62396240234375, 62.168758392333984, 145.41583251953125, 127.11221313476562], [90.57084655761719, 60.95665740966797, 147.22320556640625, 130.68980407714844]]","[2, 3, 1]","[0.9919549822807312, 0.18286795914173126, 0.1163434237241745]"
48.jpg,"[[90.68294525146484, 23.158485412597656, 112.70171356201172, 44.97775650024414], [11.095285415649414, 41.942562103271484, 34.9633903503418, 60.70650863647461], [91.07357025146484, 22.725204467773438, 113.96773529052734, 48.774295806884766], [50.362396240234375, 39.296142578125, 71.6075439453125, 61.72611999511719], [216.99722290039062, 48.32932662963867, 235.3574981689453, 65.93531799316406], [202.54067993164062, 51.75693893432617, 218.00439453125, 67.7830810546875]]","[3, 3, 2, 3, 3, 3]","[0.9576167464256287, 0.9445886015892029, 0.8011968731880188, 0.6963743567466736, 0.39200758934020996, 0.17232605814933777]"
49.jpg,"[[73.02487182617188, 76.55026245117188, 106.261474609375, 109.37374114990234], [239.87803649902344, 111.14930725097656, 256.0, 127.85063171386719], [215.47813415527344, 84.9986801147461, 229.2044677734375, 103.79869842529297], [236.54306030273438, 108.5958480834961, 256.0, 146.6396942138672]]","[3, 3, 3, 3]","[0.9958710074424744, 0.9573987126350403, 0.9152538180351257, 0.055668577551841736]"
5.jpg,"[[190.4375762939453, 37.3175048828125, 224.34890747070312, 82.40694427490234], [104.38289642333984, 47.47446060180664, 139.8804168701172, 92.97850036621094], [38.88111877441406, 23.240121841430664, 73.3329849243164, 71.30365753173828]]","[1, 1, 1]","[0.9963209629058838, 0.9959548711776733, 0.9943122863769531]"
50.jpg,"[[64.38131713867188, 34.51479721069336, 80.46090698242188, 54.26316833496094], [111.55476379394531, 40.57068634033203, 181.6779022216797, 90.95431518554688], [111.5692367553711, 39.47616958618164, 180.12510681152344, 90.7364501953125], [110.16182708740234, 40.11127471923828, 184.97706604003906, 91.33821868896484]]","[3, 2, 1, 3]","[0.9926128387451172, 0.8998631238937378, 0.7778160572052002, 0.1564709097146988]"
51.jpg,"[[115.71664428710938, 45.65045166015625, 172.86595153808594, 91.38720703125], [112.02798461914062, 46.26378631591797, 174.4295654296875, 92.54515075683594], [244.12744140625, 125.5671157836914, 255.30242919921875, 140.64010620117188]]","[2, 1, 3]","[0.9136029481887817, 0.5135318636894226, 0.07812079787254333]"
52.jpg,"[[119.516357421875, 48.31863021850586, 194.4265899658203, 102.15807342529297], [70.21173858642578, 99.3588638305664, 100.19168090820312, 128.61070251464844], [129.21678161621094, 132.13572692871094, 162.64564514160156, 174.09524536132812]]","[1, 3, 1]","[0.9875822067260742, 0.4206239879131317, 0.25858715176582336]"
53.jpg,"[[83.41439056396484, 26.86055564880371, 140.73324584960938, 77.49309539794922], [144.78469848632812, 52.29108428955078, 174.25924682617188, 79.38365173339844]]","[1, 3]","[0.9920052886009216, 0.9816555380821228]"
54.jpg,"[[208.34890747070312, 67.23143768310547, 243.5750732421875, 106.04692077636719], [0.0, 69.94170379638672, 44.39997100830078, 110.37752532958984], [221.09632873535156, 93.80681610107422, 256.0, 157.08670043945312], [85.20462036132812, 53.83911895751953, 158.6029510498047, 113.77938842773438]]","[3, 3, 3, 1]","[0.9982460737228394, 0.9971455931663513, 0.9965183734893799, 0.9962001442909241]"
55.jpg,"[[51.071624755859375, 48.94552993774414, 82.9229965209961, 83.67570495605469], [145.2488250732422, 46.57515335083008, 179.9945068359375, 82.64822387695312], [174.2694549560547, 63.44645309448242, 202.82359313964844, 90.24006652832031], [0.9544543027877808, 61.48836898803711, 26.2145938873291, 86.42832946777344], [1.3275463581085205, 60.474945068359375, 25.7049503326416, 86.05791473388672], [1.5621850490570068, 60.0621223449707, 24.33983612060547, 85.86771392822266], [176.5214385986328, 64.19166564941406, 203.0193328857422, 90.80728912353516]]","[3, 1, 3, 1, 3, 2, 1]","[0.9968421459197998, 0.9955386519432068, 0.9917722344398499, 0.9043185114860535, 0.3444465398788452, 0.2264811396598816, 0.059500984847545624]"
56.jpg,"[[169.6543731689453, 65.56233978271484, 193.56956481933594, 87.68815612792969], [81.70661926269531, 41.45571517944336, 119.85903930664062, 75.72449493408203], [11.310296058654785, 68.38020324707031, 36.32535171508789, 92.16050720214844]]","[3, 1, 3]","[0.9987545013427734, 0.9967658519744873, 0.9953275918960571]"
57.jpg,"[[71.756103515625, 0.0, 164.00613403320312, 120.90726470947266], [76.36444854736328, 0.0, 162.9230194091797, 123.91693115234375], [93.97715759277344, 94.02965545654297, 183.4473419189453, 256.0], [64.06568145751953, 0.0, 164.16680908203125, 119.11581420898438]]","[2, 1, 1, 3]","[0.8120776414871216, 0.6681497097015381, 0.07480019330978394, 0.06485536694526672]"
58.jpg,"[[113.97843170166016, 22.424877166748047, 148.10720825195312, 54.57461166381836], [4.774638652801514, 32.61265182495117, 43.38808059692383, 72.98467254638672], [209.2684783935547, 15.014010429382324, 240.2431182861328, 48.16848373413086], [39.55582046508789, 20.767108917236328, 52.78523635864258, 40.37029266357422], [88.49994659423828, 31.71235466003418, 105.70528411865234, 53.99638366699219], [39.42585754394531, 21.61207389831543, 53.11727523803711, 44.650306701660156], [39.08280563354492, 20.414249420166016, 53.89894104003906, 47.97740173339844]]","[1, 1, 3, 3, 3, 2, 1]","[0.9976267218589783, 0.9944325089454651, 0.993263304233551, 0.9584959745407104, 0.4756075441837311, 0.08422107249498367, 0.07244706153869629]"
59.jpg,"[[71.08119201660156, 79.41228485107422, 90.81463623046875, 98.7265625], [158.49966430664062, 77.83412170410156, 186.37326049804688, 104.88126373291016], [24.208656311035156, 91.4108657836914, 44.23226547241211, 111.23668670654297], [43.637474060058594, 93.60641479492188, 51.361000061035156, 110.68547821044922]]","[3, 1, 1, 1]","[0.9967241883277893, 0.9966465830802917, 0.9958439469337463, 0.932614803314209]"
6.jpg,"[[31.230003356933594, 63.70847702026367, 56.15752410888672, 102.43392181396484], [211.31507873535156, 36.228702545166016, 254.12432861328125, 94.69420623779297], [174.10618591308594, 57.56832504272461, 192.33212280273438, 86.79301452636719], [139.52134704589844, 57.98703384399414, 159.84915161132812, 90.83751678466797], [101.5709228515625, 71.69371032714844, 119.68326568603516, 102.94873046875], [5.561681270599365, 77.11624145507812, 16.917463302612305, 94.28346252441406], [127.23120880126953, 56.26919174194336, 141.17823791503906, 83.04890441894531], [194.00335693359375, 56.88127136230469, 214.5398406982422, 90.6131362915039], [111.78285217285156, 50.98056411743164, 120.2557373046875, 62.19866180419922], [90.4708251953125, 83.68683624267578, 104.58457946777344, 117.22925567626953], [137.9671630859375, 118.90740203857422, 160.19085693359375, 144.81964111328125], [153.2212677001953, 124.8749771118164, 162.80636596679688, 143.92236328125], [179.98983764648438, 56.19142532348633, 211.0477294921875, 88.4169921875]]","[3, 3, 3, 1, 3, 3, 3, 3, 3, 3, 1, 1, 3]","[0.9972643852233887, 0.9968199729919434, 0.9957346320152283, 0.9946333169937134, 0.9932583570480347, 0.9921269416809082, 0.991417646408081, 0.9864821434020996, 0.9205145835876465, 0.8276808261871338, 0.30421411991119385, 0.19503921270370483, 0.053648121654987335]"
60.jpg,"[[48.16686248779297, 75.21180725097656, 77.617431640625, 126.93706512451172], [136.20130920410156, 41.09406280517578, 167.1253662109375, 87.39205169677734], [100.44840240478516, 3.3663792610168457, 131.38661193847656, 53.17426681518555]]","[1, 1, 3]","[0.9981618523597717, 0.9968300461769104, 0.996414303779602]"
61.jpg,"[[184.860107421875, 55.390892028808594, 219.62147521972656, 112.04589080810547], [66.74292755126953, 47.0195426940918, 96.42739868164062, 107.1959228515625], [109.68275451660156, 25.826045989990234, 152.54498291015625, 79.31105041503906], [110.11722564697266, 25.28924560546875, 152.047607421875, 80.48336791992188]]","[1, 1, 1, 2]","[0.998772919178009, 0.9972666501998901, 0.988283097743988, 0.053190927952528]"
62.jpg,"[[15.898757934570312, 53.39259719848633, 47.29818344116211, 102.81578826904297], [102.44027709960938, 37.336822509765625, 134.25914001464844, 85.18193817138672], [204.14901733398438, 62.43818283081055, 240.88218688964844, 104.2860336303711], [43.34898376464844, 82.9075927734375, 56.016727447509766, 104.15351104736328], [141.7509307861328, 60.96527862548828, 165.84933471679688, 99.54876708984375], [246.3407440185547, 48.92366027832031, 256.0, 79.43001556396484], [138.6588592529297, 61.5457649230957, 167.60714721679688, 96.2611312866211]]","[1, 1, 1, 1, 1, 3, 3]","[0.9977394342422485, 0.997500479221344, 0.9973400235176086, 0.9846711158752441, 0.9688079953193665, 0.2448592483997345, 0.12649686634540558]"
63.jpg,"[[126.69831085205078, 29.338695526123047, 180.81964111328125, 80.74481964111328]]",[1],[0.9913153648376465]
64.jpg,"[[141.37339782714844, 64.89710235595703, 164.92591857910156, 95.29273986816406], [190.15008544921875, 62.74942398071289, 216.21983337402344, 91.80135345458984], [91.24547576904297, 61.8603515625, 103.53721618652344, 75.32040405273438], [44.786277770996094, 43.179569244384766, 74.58953857421875, 86.26189422607422]]","[1, 1, 1, 1]","[0.9982055425643921, 0.9973886609077454, 0.997227132320404, 0.9972127079963684]"
65.jpg,"[[3094.4794921875, 769.0242309570312, 3217.803955078125, 1098.384765625], [1506.8321533203125, 754.1985473632812, 1647.828369140625, 932.353759765625], [2335.038818359375, 850.3532104492188, 2473.7041015625, 1009.8181762695312], [457.59405517578125, 823.1015625, 623.1861572265625, 1045.49951171875], [496.1925048828125, 842.0820922851562, 669.5194091796875, 1078.1927490234375], [2328.57080078125, 847.9454956054688, 2480.1083984375, 1023.05029296875], [2306.427734375, 810.8662109375, 2385.607666015625, 891.618408203125]]","[1, 1, 1, 1, 1, 3, 1]","[0.9971619844436646, 0.9964589476585388, 0.9894272685050964, 0.9845718145370483, 0.8334865570068359, 0.056510571390390396, 0.050546109676361084]"
66.jpg,"[[318.47857666015625, 128.97177124023438, 342.70556640625, 157.0753173828125], [61.25568389892578, 100.11384582519531, 85.6578598022461, 130.4569549560547], [431.5069580078125, 123.14222717285156, 459.44696044921875, 153.6148223876953], [144.40640258789062, 122.84088134765625, 168.31448364257812, 148.77822875976562], [527.3794555664062, 146.40252685546875, 547.5695190429688, 169.12472534179688], [371.89996337890625, 134.40817260742188, 391.98358154296875, 157.0958251953125], [226.73245239257812, 126.93267059326172, 249.56488037109375, 153.06640625]]","[1, 1, 1, 1, 1, 1, 1]","[0.998958945274353, 0.998881995677948, 0.9983091354370117, 0.9977225661277771, 0.9956907629966736, 0.9953004121780396, 0.9937313199043274]"
67.jpg,"[[205.60804748535156, 114.18144989013672, 233.8474884033203, 149.29953002929688], [269.80120849609375, 102.17002868652344, 308.14697265625, 145.8346710205078], [79.19881439208984, 104.70703887939453, 110.00237274169922, 141.57192993164062], [443.0010986328125, 73.20146179199219, 486.5914306640625, 126.12158203125], [551.7146606445312, 115.07474517822266, 579.1211547851562, 148.00299072265625], [381.39898681640625, 118.62242126464844, 414.80133056640625, 153.2190399169922], [42.55274963378906, 117.00191497802734, 63.72429656982422, 142.08926391601562], [503.2286376953125, 114.44928741455078, 539.025146484375, 152.20733642578125], [113.25189208984375, 129.52037048339844, 140.19894409179688, 156.3026580810547]]","[1, 1, 1, 1, 1, 1, 1, 1, 1]","[0.9972162246704102, 0.9970747232437134, 0.9968926906585693, 0.9967066645622253, 0.9962024092674255, 0.9953148365020752, 0.9841488003730774, 0.9829527139663696, 0.9586432576179504]"
68.jpg,"[[202.43788146972656, 57.43825912475586, 241.54103088378906, 101.97478485107422], [37.46125030517578, 55.58161544799805, 74.18394470214844, 100.13984680175781], [337.660888671875, 59.824764251708984, 377.33782958984375, 105.4554672241211], [448.4940185546875, 39.83857345581055, 474.2550354003906, 95.74454498291016], [432.7745666503906, 96.2764892578125, 444.65966796875, 112.20026397705078]]","[1, 1, 1, 1, 1]","[0.9980777502059937, 0.9976440072059631, 0.9950256943702698, 0.9887259602546692, 0.05152638256549835]"
69.jpg,"[[114.65582275390625, 30.678592681884766, 137.25765991210938, 56.51421356201172], [53.10564041137695, 34.032135009765625, 75.11128997802734, 61.654762268066406], [168.44300842285156, 37.588165283203125, 189.11865234375, 65.27586364746094], [10.597798347473145, 78.77992248535156, 34.406471252441406, 117.39112854003906]]","[1, 1, 1, 1]","[0.9985080361366272, 0.997843861579895, 0.995979905128479, 0.13427475094795227]"
7.jpg,"[[9.913578987121582, 37.699485778808594, 29.61192512512207, 54.6258544921875], [112.42515563964844, 41.65174102783203, 134.877685546875, 61.3673095703125], [215.16009521484375, 49.133182525634766, 247.19583129882812, 74.34539794921875], [216.91522216796875, 49.731483459472656, 245.02601623535156, 73.94305419921875], [125.5202865600586, 23.055782318115234, 147.8412628173828, 38.11243438720703], [215.69235229492188, 49.0235595703125, 245.4085235595703, 74.66569519042969]]","[3, 1, 1, 2, 3, 3]","[0.9969190359115601, 0.9906718730926514, 0.8260260224342346, 0.6578528881072998, 0.08769580721855164, 0.08575772494077682]"
70.jpg,"[[254.39662170410156, 86.7467041015625, 290.4879455566406, 138.79266357421875], [165.93014526367188, 73.15331268310547, 248.9217529296875, 173.96282958984375], [28.06207275390625, 127.4880142211914, 75.31330871582031, 177.6995086669922], [148.08050537109375, 140.7191619873047, 263.915283203125, 261.14666748046875]]","[3, 1, 3, 1]","[0.9983697533607483, 0.9942018389701843, 0.8189584016799927, 0.09853528439998627]"
71.jpg,"[[64.15428161621094, 38.58734130859375, 135.7517547607422, 133.45408630371094], [62.79835891723633, 42.07727813720703, 135.5212860107422, 124.50769805908203], [78.55979919433594, 73.83956146240234, 131.34243774414062, 129.89254760742188]]","[2, 3, 2]","[0.9870046973228455, 0.7609052658081055, 0.42547842860221863]"
72.jpg,"[[1693.471435546875, 592.6146850585938, 1851.654541015625, 757.8169555664062], [465.2109069824219, 503.9477844238281, 683.9404296875, 735.6356811523438], [651.3731689453125, 575.4169311523438, 785.0914916992188, 723.795166015625], [1297.4990234375, 544.6862182617188, 1463.20849609375, 738.1951293945312], [1537.5084228515625, 619.9579467773438, 1608.6260986328125, 698.3351440429688], [85.67192840576172, 483.4529113769531, 218.65530395507812, 615.413818359375], [1620.685791015625, 630.6590576171875, 1704.3740234375, 750.0894775390625], [224.9734649658203, 466.9551696777344, 343.8096923828125, 592.5073852539062]]","[1, 1, 1, 1, 1, 1, 1, 1]","[0.9971635937690735, 0.9971465468406677, 0.99709153175354, 0.9969663023948669, 0.9957795143127441, 0.995587944984436, 0.9940453767776489, 0.9935294985771179]"
73.jpg,"[[249.65916442871094, 174.42613220214844, 301.8345642089844, 229.15122985839844], [540.5015869140625, 167.7041778564453, 581.696044921875, 214.09625244140625], [345.86810302734375, 171.68988037109375, 423.1843566894531, 243.62672424316406], [617.9043579101562, 328.2025146484375, 691.1063232421875, 423.2903137207031]]","[1, 1, 1, 1]","[0.9977073669433594, 0.9958575367927551, 0.9906303286552429, 0.06292273104190826]"
74.jpg,"[[316.53094482421875, 76.49398040771484, 372.16278076171875, 140.08755493164062], [134.20831298828125, 80.27706146240234, 185.9007110595703, 146.06790161132812], [485.59637451171875, 81.0040512084961, 537.0822143554688, 155.47653198242188], [172.7178955078125, 148.6475067138672, 205.83160400390625, 189.05084228515625], [611.9736938476562, 113.66057586669922, 640.0, 156.85325622558594], [18.748760223388672, 129.97755432128906, 82.22125244140625, 201.13833618164062], [592.6316528320312, 123.25651550292969, 618.3425903320312, 161.471923828125], [172.5110321044922, 147.46316528320312, 200.0707244873047, 185.57943725585938], [442.13970947265625, 132.48692321777344, 498.90997314453125, 206.69656372070312], [612.0672607421875, 117.75553894042969, 640.0, 159.98898315429688], [171.8004608154297, 149.9208526611328, 203.00625610351562, 192.37657165527344]]","[1, 1, 1, 1, 1, 1, 1, 2, 1, 3, 3]","[0.9977662563323975, 0.997753918170929, 0.9942173957824707, 0.8999832272529602, 0.8950373530387878, 0.7394847273826599, 0.12736326456069946, 0.07044857740402222, 0.06756935268640518, 0.06646569818258286, 0.05926266312599182]"
75.jpg,"[[161.7340545654297, 76.96282958984375, 206.57107543945312, 138.17422485351562], [326.62744140625, 40.14308547973633, 369.0186462402344, 96.38937377929688], [111.0810775756836, 105.76615905761719, 126.32473754882812, 128.52511596679688]]","[1, 1, 1]","[0.9968112111091614, 0.9960695505142212, 0.17337192595005035]"
76.jpg,"[[411.7823791503906, 94.29032897949219, 472.5368957519531, 174.7217254638672], [540.36083984375, 115.35662078857422, 591.302490234375, 175.60365295410156], [225.93963623046875, 84.0245132446289, 263.48565673828125, 161.24082946777344], [74.38141632080078, 170.889892578125, 160.37159729003906, 275.9433898925781], [288.25762939453125, 171.17184448242188, 315.0522155761719, 197.388671875]]","[1, 1, 1, 1, 1]","[0.9973236322402954, 0.9971888661384583, 0.9968816041946411, 0.9938023090362549, 0.06057696044445038]"
77.jpg,"[[140.44993591308594, 109.04488372802734, 181.57618713378906, 147.3262939453125], [269.97454833984375, 119.2752685546875, 345.886474609375, 207.25762939453125], [1.8759803771972656, 90.07611083984375, 35.36741638183594, 169.37503051757812], [582.7542114257812, 78.59750366210938, 600.0, 135.3590850830078], [341.65948486328125, 103.16163635253906, 378.46661376953125, 146.04449462890625]]","[1, 1, 1, 1, 1]","[0.9963472485542297, 0.9954419136047363, 0.9946185350418091, 0.9926112294197083, 0.9784774780273438]"
78.jpg,"[[501.9319763183594, 193.1086883544922, 529.2420654296875, 226.3858642578125], [722.2791748046875, 186.1654815673828, 759.0429077148438, 235.58709716796875], [30.32964515686035, 208.74346923828125, 52.024723052978516, 230.9139862060547], [99.18399810791016, 200.06289672851562, 119.93284606933594, 224.11756896972656], [288.2563781738281, 221.44528198242188, 308.3702087402344, 245.69552612304688], [158.4233856201172, 201.41592407226562, 183.8072052001953, 229.87515258789062], [181.418212890625, 207.6480712890625, 197.5055389404297, 226.1613006591797], [357.2685852050781, 187.7039031982422, 378.6944580078125, 217.00929260253906], [157.1810302734375, 201.69708251953125, 187.32167053222656, 228.7731170654297], [357.1310729980469, 185.22817993164062, 381.5867919921875, 218.15127563476562], [182.171630859375, 207.909912109375, 198.6597442626953, 225.76744079589844]]","[1, 1, 1, 1, 1, 1, 1, 1, 2, 2, 2]","[0.9943643808364868, 0.9916682243347168, 0.9903213381767273, 0.9902718663215637, 0.9897414445877075, 0.9764795899391174, 0.9750158190727234, 0.971679151058197, 0.25522950291633606, 0.15485236048698425, 0.13737156987190247]"
79.jpg,"[[224.96665954589844, 196.7609100341797, 293.934326171875, 276.830078125], [513.5199584960938, 237.93580627441406, 579.2883911132812, 329.5252990722656], [760.9003295898438, 203.48231506347656, 793.1888427734375, 236.69125366210938], [386.17022705078125, 209.37876892089844, 413.1163635253906, 243.78224182128906], [387.1973876953125, 208.32606506347656, 413.3130187988281, 243.73553466796875]]","[1, 1, 1, 1, 2]","[0.9968568086624146, 0.9955759048461914, 0.9943307638168335, 0.9798296689987183, 0.10746047645807266]"
8.jpg,"[[106.259521484375, 70.85094451904297, 147.53517150878906, 123.62760925292969], [30.6485595703125, 76.13845825195312, 65.05474853515625, 113.76122283935547], [170.7543182373047, 89.36880493164062, 207.39828491210938, 134.44879150390625]]","[1, 1, 1]","[0.9968122839927673, 0.9956497550010681, 0.9956152439117432]"
80.jpg,"[[214.4302520751953, 97.15415954589844, 275.9618835449219, 171.10069274902344], [325.35968017578125, 108.13414001464844, 386.0601501464844, 173.4290008544922], [476.4251708984375, 122.20989227294922, 500.0, 176.1973876953125], [78.45521545410156, 118.51415252685547, 108.43547821044922, 160.70530700683594]]","[1, 3, 3, 3]","[0.9985113739967346, 0.9984069466590881, 0.6087074875831604, 0.11672008037567139]"
81.jpg,"[[105.6863021850586, 142.1207733154297, 152.15737915039062, 187.31182861328125], [223.98939514160156, 66.89864349365234, 283.9110412597656, 138.4275360107422], [382.1345520019531, 100.43170928955078, 403.5880126953125, 135.04718017578125], [173.73895263671875, 129.18035888671875, 192.85841369628906, 156.45948791503906]]","[3, 1, 3, 3]","[0.9982837438583374, 0.9966567754745483, 0.6161631345748901, 0.2145170271396637]"
82.jpg,"[[227.74879455566406, 169.56283569335938, 282.212890625, 234.21218872070312], [330.5605773925781, 238.89871215820312, 353.0108337402344, 282.1172180175781]]","[1, 3]","[0.9974117875099182, 0.9411544799804688]"
83.jpg,"[[125.66764831542969, 102.71913146972656, 273.25714111328125, 272.02362060546875], [415.4589538574219, 215.91119384765625, 500.0, 309.57421875]]","[1, 3]","[0.9969531297683716, 0.9945966005325317]"
84.jpg,"[[155.4866943359375, 91.55245208740234, 209.2425537109375, 159.29859924316406], [347.4512023925781, 95.22514343261719, 407.1246643066406, 155.96658325195312]]","[1, 3]","[0.998725950717926, 0.9947781562805176]"
85.jpg,"[[452.3895263671875, 181.61068725585938, 500.0, 250.39984130859375], [224.5516357421875, 192.9867401123047, 257.1481018066406, 230.21170043945312], [149.51666259765625, 172.6634521484375, 198.93663024902344, 241.0166778564453], [51.022216796875, 183.15924072265625, 85.51675415039062, 234.071533203125], [5.453846454620361, 172.35806274414062, 46.83860778808594, 237.4759521484375], [256.71319580078125, 198.46910095214844, 373.53875732421875, 328.98419189453125], [80.78361511230469, 223.9144744873047, 158.02963256835938, 298.2050476074219], [194.59129333496094, 181.32781982421875, 213.45318603515625, 213.11277770996094], [81.24822998046875, 226.32957458496094, 159.00575256347656, 301.3044738769531], [255.31080627441406, 197.87876892089844, 374.0262145996094, 323.9958801269531], [251.4605712890625, 189.28721618652344, 369.52996826171875, 327.54522705078125]]","[3, 3, 3, 3, 3, 1, 3, 3, 1, 2, 3]","[0.9972793459892273, 0.9962202906608582, 0.9956537485122681, 0.9839194416999817, 0.9570109844207764, 0.9294654726982117, 0.8709844350814819, 0.6337476968765259, 0.5298479199409485, 0.21593034267425537, 0.054356805980205536]"
86.jpg,"[[139.5984649658203, 160.01583862304688, 318.6691589355469, 400.2054138183594], [143.35983276367188, 160.83050537109375, 322.6397705078125, 392.2861022949219], [136.5946502685547, 160.3956298828125, 321.5013427734375, 398.29254150390625]]","[2, 1, 3]","[0.9589670300483704, 0.19892123341560364, 0.06707947701215744]"
87.jpg,"[[70.57484436035156, 68.63495635986328, 123.19184875488281, 123.75670623779297], [349.53851318359375, 57.69442367553711, 404.1138000488281, 117.24092102050781], [263.1908874511719, 84.20220947265625, 323.5038757324219, 159.83993530273438]]","[1, 1, 1]","[0.9986094236373901, 0.9970472455024719, 0.9899362325668335]"
88.jpg,"[[236.57875061035156, 170.7103271484375, 302.7073974609375, 246.41036987304688], [178.5218505859375, 163.01089477539062, 231.1646728515625, 222.7973175048828], [480.2525634765625, 249.27899169921875, 500.0, 295.4505615234375]]","[1, 3, 3]","[0.9958505630493164, 0.9934812784194946, 0.9891104102134705]"
89.jpg,"[[309.0466003417969, 125.51750946044922, 358.92059326171875, 187.09585571289062], [185.26597595214844, 115.57853698730469, 232.63963317871094, 181.0897979736328], [2.370278835296631, 222.96694946289062, 38.64460372924805, 260.79443359375]]","[1, 1, 3]","[0.9975066781044006, 0.9959675073623657, 0.9959079027175903]"
9.jpg,"[[170.25515747070312, 32.837581634521484, 211.90948486328125, 69.02182006835938], [38.28050994873047, 43.33409881591797, 80.59796905517578, 81.28347778320312], [40.476375579833984, 44.59621810913086, 80.81578063964844, 80.5716323852539], [39.048240661621094, 44.52018356323242, 79.98604583740234, 81.18760681152344]]","[1, 2, 1, 3]","[0.9951633214950562, 0.9614629149436951, 0.36712411046028137, 0.09056515246629715]"
90.jpg,"[[359.54132080078125, 110.25879669189453, 429.3631286621094, 218.471435546875], [128.07887268066406, 96.50007629394531, 189.41409301757812, 209.1277618408203], [214.59664916992188, 50.51756286621094, 297.14984130859375, 155.42730712890625]]","[1, 1, 1]","[0.9984917640686035, 0.9977935552597046, 0.988980770111084]"
91.png,"[[150.94332885742188, 211.43722534179688, 206.4292755126953, 291.45135498046875], [322.53021240234375, 187.3778839111328, 365.42584228515625, 246.6969451904297], [691.3086547851562, 162.93016052246094, 738.2611083984375, 230.1817626953125], [947.9288940429688, 187.22286987304688, 986.0650024414062, 269.45733642578125], [945.4513549804688, 185.5731201171875, 989.4867553710938, 265.76409912109375]]","[1, 1, 1, 1, 3]","[0.9977627992630005, 0.9963284134864807, 0.9948875308036804, 0.9023903608322144, 0.05068374425172806]"
92.png,"[[84.50315856933594, 267.4652404785156, 128.95843505859375, 334.4166259765625], [346.77392578125, 222.22938537597656, 394.0439453125, 281.15380859375], [772.4495239257812, 208.01596069335938, 823.7804565429688, 268.12164306640625], [879.8374633789062, 266.9118957519531, 1154.5111083984375, 420.2648010253906]]","[1, 1, 1, 1]","[0.9978926777839661, 0.9977993369102478, 0.9939729571342468, 0.23409049212932587]"
93.jpg,"[[227.9542694091797, 21.722475051879883, 256.0, 62.46697235107422], [75.69436645507812, 51.85833740234375, 98.50365447998047, 78.25186920166016], [187.8975372314453, 60.22118377685547, 205.3897247314453, 80.37086486816406], [138.3112335205078, 46.58548355102539, 165.8472137451172, 75.90914916992188], [19.70177459716797, 67.59637451171875, 35.50655746459961, 86.6028823852539]]","[1, 1, 1, 1, 1]","[0.998309850692749, 0.9974125027656555, 0.9971189498901367, 0.9835874438285828, 0.09019795060157776]"
94.jpg,"[[63.61855697631836, 21.616661071777344, 89.69722747802734, 45.78519058227539], [36.10862731933594, 45.3895263671875, 71.70773315429688, 94.1921615600586], [1.3197576999664307, 0.0, 31.319063186645508, 45.612823486328125], [147.9351806640625, 45.333675384521484, 180.981201171875, 90.00889587402344], [75.24662780761719, 69.01984405517578, 110.54096984863281, 109.07464599609375], [197.9788360595703, 48.88103103637695, 237.46205139160156, 106.07429504394531], [197.87509155273438, 55.56501007080078, 236.14256286621094, 105.86368560791016], [76.94692993164062, 70.46617889404297, 110.45912170410156, 110.13504028320312], [198.12681579589844, 47.783145904541016, 237.4198455810547, 96.18594360351562]]","[3, 1, 1, 1, 3, 2, 1, 2, 3]","[0.9985717535018921, 0.9984878301620483, 0.9982286095619202, 0.9974074959754944, 0.9889037013053894, 0.938567578792572, 0.5102671384811401, 0.41837388277053833, 0.2620627284049988]"
95.jpg,"[[135.25997924804688, 48.03219985961914, 189.4047088623047, 110.31940460205078], [50.8788948059082, 66.12394714355469, 104.12675476074219, 117.03343963623047], [50.28059768676758, 59.14849853515625, 101.33023834228516, 117.38773345947266]]","[1, 1, 2]","[0.9954127669334412, 0.9881933331489563, 0.08628176152706146]"
96.jpg,"[[206.8448944091797, 44.756126403808594, 232.8856201171875, 67.30728912353516], [84.97640228271484, 38.419639587402344, 105.41299438476562, 76.60909271240234], [153.3285675048828, 31.40423583984375, 182.5500946044922, 65.50121307373047], [95.91667175292969, 125.6600341796875, 120.83284759521484, 160.086669921875], [152.91943359375, 31.72892951965332, 181.36856079101562, 64.07460021972656]]","[3, 1, 1, 1, 2]","[0.9969635605812073, 0.9917107820510864, 0.9815034866333008, 0.07547496259212494, 0.055479396134614944]"
97.jpg,"[[102.4180679321289, 25.41832160949707, 143.94552612304688, 75.38206481933594], [29.31925392150879, 44.45465087890625, 63.37887191772461, 78.67913818359375], [177.21136474609375, 37.25031280517578, 206.10862731933594, 71.701904296875], [191.93597412109375, 118.22079467773438, 234.2545623779297, 166.34156799316406]]","[1, 1, 1, 1]","[0.9957183003425598, 0.9939348101615906, 0.9926633834838867, 0.07823172956705093]"
98.jpg,"[[48.857444763183594, 73.4201431274414, 132.772216796875, 181.47116088867188], [139.66183471679688, 111.15607452392578, 217.03565979003906, 213.77951049804688]]","[1, 1]","[0.9971814155578613, 0.9939582347869873]"
99.jpg,"[[184.86767578125, 58.92748260498047, 221.1014404296875, 112.95955657958984], [66.17929077148438, 47.69575500488281, 96.64751434326172, 106.3638687133789], [109.60575103759766, 25.642257690429688, 151.71246337890625, 79.68186950683594], [109.75949096679688, 24.90066146850586, 151.0893096923828, 80.80557250976562]]","[1, 1, 1, 2]","[0.9979879856109619, 0.9974936246871948, 0.9839529395103455, 0.07985584437847137]"
